tailgate_tol,window_tol,gap_width,gap_height
0.9934283060224653,1.3993554365860021,19.594072869436445,19.594072869436445
-0.2765286023423693,0.9246336829127688,18.798837714744877,18.798837714744877
1.295377076201385,0.05963036992017413,21.235746706281134,21.23574670628119
3.0460597128160507,-0.6469367777055739,23.692996490521637,23.69299649052158
-0.46830674944667194,0.6982233136135899,18.833469936939764,18.833469936939707
-0.4682739138983611,0.3934853854217496,19.138240700679944,19.138240700679887
3.158425631014783,0.8951932200277323,22.26323241098703,22.26323241098703
1.5348694583058176,0.6351718016819695,20.899697656623857,20.899697656623857
-0.9389487718699042,1.0495527153193351,18.011498512810704,18.01149851281076
1.0851200871719293,-0.535235211560568,21.620355298732534,21.620355298732477
-0.9268353856249245,1.3173940656343257,17.75577054874077,17.755770548740713
-0.9314595071405137,0.19759960469239965,18.87094088816707,18.87094088816707
0.48392454313206823,2.0752608726252655,18.408663670506826,18.40866367050677
-3.826560489315596,-0.6891878180895679,16.862627328773897,16.86262732877401
-3.4498356650260655,1.7359638031652493,14.814200531808638,14.814200531808694
-1.1245750584819454,0.1979107834626478,18.677514158055374,18.67751415805543
-2.0256622406688476,-0.6514180036144483,18.625755762945687,18.625755762945573
0.6284946651905478,-0.48388583405432156,21.112380499244978,21.112380499244864
-1.8160481510424218,-0.32034730819432017,18.504299157151877,18.504299157151877
-2.824607402670583,0.4241659464019164,16.751226650927492,16.751226650927492
2.931297537843108,0.5228354880354996,22.408462049807554,22.40846204980761
-0.4515526009730713,-0.573700003938579,20.12214740296554,20.12214740296554
0.13505640937584767,-0.02435459226098284,20.15941100163684,20.15941100163684
-2.8494963724269136,2.1422703586118637,15.008233268961249,15.008233268961192
-1.0887654490503653,1.7275431701007113,17.183691380848927,17.183691380848927
0.22184517941973217,0.4363236696740321,19.78552150974565,19.785521509745706
-2.3019871548446056,0.03800347816820029,17.660009366987197,17.660009366987197
0.7513960366913439,0.1200313267182613,20.631364709973013,20.63136470997307
-1.20127737983761,0.6135179727304166,18.185204647431988,18.185204647431988
-0.5833874995865536,-1.0227925651984056,20.439405065611822,20.43940506561188
-1.2034132244587938,-0.2573765374233451,19.053963312964584,19.053963312964527
3.7045563690178756,-1.6685840738775894,25.37314044289542,25.373140442895476
-0.026994449475867842,0.39922312260527926,19.5737824279189,19.573782427918843
-2.1154218579118007,0.647195939702741,17.237382202385447,17.237382202385447
1.645089824206378,-0.483186462299374,22.128276286505752,22.128276286505752
-2.4416872999420445,1.5739867632900328,15.98432593676796,15.98432593676796
0.4177271900095108,-1.2257656630023412,21.64349285301182,21.64349285301182
-3.919340247759551,-1.4643748802098202,17.54503463245021,17.545034632450268
-2.656372097796861,0.22445181855997204,17.119176083643197,17.11917608364314
0.39372247173824704,1.0470983026121545,19.346624169126017,19.34662416912613
1.4769331599908209,1.6839276914578687,19.79300546853301,19.793005468532954
0.342736562379941,-0.45888426286894,20.80162082524896,20.801620825248904
-0.23129656477648106,1.0786808334312956,18.69002260179218,18.690022601792236
-0.6022073911785776,-0.03850846950070721,19.436301078322117,19.436301078322117
-2.9570439807348547,-0.17262729994081963,17.21558331920596,17.21558331920596
-1.4396884167894173,0.8836599374866724,17.67665164572395,17.676651645723894
-0.921277541919575,0.6523228784134196,18.426399579666963,18.42639957966702
2.1142444524378314,-1.5763921569842494,23.690636609422086,23.690636609422086
0.6872365791369228,1.4765403497258958,19.210696229410928,19.21069622941104
-3.526080310725468,1.3800913541474515,15.093828335127114,15.093828335127057
0.64816793878959,-0.6255627015095294,21.273730640299163,21.273730640299107
-0.7701645608326331,0.39580353343740904,18.834031905729944,18.834031905729944
-1.3538440006119175,0.4940301862827388,18.152125813105272,18.152125813105386
1.2233525776817358,0.2606737658239071,20.962678811857813,20.962678811857813
2.061999044991902,-0.5503051538454201,22.612304198837364,22.612304198837364
1.8625602382323971,-0.6716233679380516,22.534183606170473,22.534183606170416
-1.678435046445277,-0.025554070991445278,18.347119024546146,18.347119024546203
-0.6184247517024292,1.1727290192593647,18.208846229038272,18.208846229038215
0.6625268628071279,0.5436001545944323,20.11892670821271,20.118926708212655
1.9510902542447184,-0.37061433208610595,22.32170458633084,22.32170458633084
-0.9583484756905799,0.7716987106483447,18.269952813661007,18.269952813661064
-0.37131795332763423,-2.8485426206300755,22.47722466730238,22.477224667302437
-2.2126699480120564,1.1487657003721035,16.638564351615855,16.638564351615855
-2.3924132481613416,-1.7397137787780996,19.347300530616735,19.347300530616735
1.625051644788396,-0.36244094140313216,21.987492586191593,21.987492586191536
2.712480057141646,-1.1196698946261439,23.832149951767747,23.832149951767803
-0.1440202431606677,-1.2946814757209058,21.15066123256031,21.150661232560253
2.0070657957840483,1.1608267873785194,20.84623900840552,20.84623900840552
0.7232720500952683,-0.46770120131189136,21.190973251407172,21.190973251407172
-1.2902395092102485,0.3465038817307158,18.36325660905902,18.36325660905902
0.7227912110168279,-0.04692057887918407,20.76971178989595,20.769711789896007
3.0760731329319384,0.47704082722312147,22.59903230570876,22.599032305708818
-0.07165207821990308,0.07682189106025536,19.85152603071981,19.85152603071981
3.1292873116280124,-1.2829922241885696,24.412279535816538,24.412279535816538
-5.239490208179489,0.99626681944714,13.764242972373381,13.764242972373381
1.6438050087504477,-0.4937565831613125,22.137561591911663,22.137561591911776
0.17409413647634245,-1.556581898659751,21.73067603513607,21.730676035136128
-0.5980147009317349,-0.4281151609659125,19.83010046003426,19.830100460034146
0.1835215530710046,1.5007597906343109,18.682761762436712,18.682761762436655
-3.9751378292017856,0.8502217421134929,15.174640428684711,15.174640428684711
-0.43934377567502386,-0.3486521344078592,19.9093083587328,19.909308358732858
0.7142251430234928,-0.3492577043184288,21.063482847341902,21.063482847341902
2.955788089483032,-0.3216350512173826,23.27742314070042,23.277423140700364
-1.0365404365472948,2.076747983560841,16.88671157989188,16.88671157989188
-1.6169872057863752,0.38193545223155334,18.001077341982068,18.001077341982068
-1.003514087169073,0.43004164719106963,18.566444265639916,18.56644426563986
1.8308042354041483,1.0302834540318422,20.800520781372256,20.800520781372313
0.6575022193193689,0.23878915902651351,20.418713060292816,20.418713060292873
-1.0595204075340776,-0.2590421458207031,19.19952173828665,19.19952173828665
1.0265348662267122,-0.19634984908497827,21.222884715311693,21.222884715311693
0.19415509869608077,-0.07160125941406395,20.26575635811014,20.26575635811014
1.9372899810657784,-0.03722223650984159,21.97451221757558,21.97451221757558
-1.4041061877547047,0.7276295436369798,17.8682642686083,17.868264268608357
-0.6553242931955364,0.05194588580729943,19.292729820997124,19.29272982099718
-0.7842163062643153,0.7326400772155792,18.483143616520124,18.483143616520067
-2.927029896264237,-0.08071658010858232,17.1536866838444,17.15368668384434
0.5922405541291521,0.07863519031609059,20.5136053638131,20.513605363813042
0.5221105443597787,-1.9982006845321076,22.520311228891842,22.5203112288919
0.01022691328492178,0.9163276747024814,19.093899238582367,19.093899238582424
-0.46917426675029383,0.3464884758979927,19.18433725735167,19.18433725735167
-2.8307414841008285,0.9980101098596522,16.171248406039467,16.171248406039524
-0.8412906455307181,-2.8962553781936893,22.05496473266294,22.054964732662995
-0.685429033053539,2.0883747047807275,17.226196262165786,17.22619626216573
-1.6045545384432378,-0.13958962815517376,18.53503508971187,18.535035089711982
-0.32257142333201827,1.1081828167375165,18.56924575993048,18.56924575993048
0.8081017136290768,-1.0399059271255309,21.848007640754645,21.848007640754588
3.7723718024210604,0.6127739050625697,23.15959789735848,23.15959789735848
0.3491556256636779,-1.0534155631736561,21.402571188837328,21.402571188837328
0.5151007814455287,-0.6237689606958051,21.13886974214131,21.138869742141367
-0.14889183153233443,1.9140313538667861,17.937076814600914,17.937076814600857
-3.837542430598083,-0.19068240076334658,16.353139970165216,16.353139970165273
-0.053027750898433756,0.21743287317972287,19.72953937592183,19.72953937592183
0.12046041988205287,0.8700677306887542,19.25039268919329,19.250392689193347
4.926484224970572,0.49568188797260465,24.430802336997886,24.430802336998
-0.38472192956224505,0.15041890514357642,19.464859165294115,19.464859165294172
0.6030946846672249,0.3649610024662254,20.23813368220101,20.23813368220101
-0.06942353941048662,2.403415585238275,17.52716087535123,17.52716087535123
-2.337356075239064,-0.05761879703358539,17.720262721794484,17.720262721794484
2.285645629030041,0.2010990467149675,22.084546582315056,22.084546582315113
1.5038660653735483,1.050654396007612,20.453211669365942,20.453211669365942
1.5820638940860938,1.1055259329579838,20.476537961128088,20.476537961128145
-1.8187749095894779,1.1870303055603801,16.99419478485015,16.99419478485015
2.8055886218721984,0.6387302220291846,22.166858399843022,22.166858399842965
-2.8037021255845618,-1.1430049127304835,18.339302787145925,18.339302787145925
1.1737141876005406,1.633431532301096,19.540282655299507,19.54028265529945
4.380911251619957,-1.146345393018688,25.52725664463867,25.52725664463867
-1.9810726502613767,0.30263546523903323,17.716291884499583,17.71629188449964
-1.1325954592055438,-0.7542758500193579,19.62168039081382,19.62168039081382
0.19930273017528244,-0.06413834659299254,20.263441076768345,20.263441076768288
-1.0069513082323984,0.3287624103034804,18.664286281464115,18.66428628146417
-3.1013268621322654,0.32135721545027307,16.577315922417483,16.577315922417426
0.13712594961205465,0.42192075423528475,19.71520519537671,19.715205195376768
-2.1246074274522098,1.613711269058647,16.261681303489127,16.261681303489183
0.9471848612703632,0.45353430151397983,20.49365055975636,20.493650559756418
-1.8388484684676063,-0.24415663529064868,18.405308166823033,18.405308166823033
3.099868810035079,0.9640871682883573,22.135781641746803,22.135781641746746
-1.5665065846724742,1.1894704889246406,17.244022926402977,17.244022926402863
-0.6441230324113512,-1.2276078151369925,20.58348478272569,20.583484782725634
1.6270344347393395,0.597400069849858,21.02963436488949,21.02963436488949
-2.4617286328679104,0.7011727423108983,16.837098624821238,16.83709862482118
0.45491986920825883,-0.29756350335999193,20.75248337256835,20.752483372568236
2.614285508564856,1.3757068133116195,21.238578695253295,21.23857869525324
-3.214966469122455,-0.15005558703252672,16.935089117910024,16.93508911791008
0.3692677170646084,0.12557645347154225,20.243691263593064,20.243691263593064
0.5197655884968471,-0.1730718242838696,20.692837412780705,20.692837412780705
1.5636457435546207,0.015579047581467534,21.548066695973148,21.548066695973148
-2.473901421756164,-1.0962750868952018,18.62237366513898,18.622373665139037
-2.6409132261685526,-1.4400508825942944,18.799137656425728,18.799137656425728
1.0438831312337953,1.5945050632249722,19.44937806800874,19.449378068008798
0.5939693464663721,-0.8469613483183278,21.440930694784697,21.440930694784697
0.5009857006917531,-0.9913923494563072,21.49237805014809,21.492378050148034
0.6928964189939514,-2.153390113603715,22.846286532597674,22.846286532597674
-1.3600494431569816,-0.6389617476895022,19.27891230453247,19.278912304532525
0.4645073943220071,-1.3230897934074983,21.78759718772949,21.787597187729546
0.5861449465973625,1.642015160136369,18.944129786461076,18.944129786460962
-1.4287028360527356,1.0098170893426341,17.561480074604674,17.561480074604674
3.731549022289513,-0.6881503451777238,24.419699367467274,24.419699367467274
0.947665841823575,2.2524358053443088,18.695230036479188,18.695230036479245
-2.382606994405297,0.9817654869915943,16.6356275186032,16.635627518603087
1.3131072172676594,-0.32483138350862245,21.637938600776238,21.637938600776295
-1.9493633404546429,-2.499405714873573,20.550042374418922,20.550042374418922
1.574169207484904,2.2909425725907417,19.283226634894163,19.283226634894163
2.317191158014808,-1.389572466763596,23.706763624778432,23.706763624778375
-1.641364636703421,-1.6453987469568918,20.00403411025343,20.004034110253485
1.9267522584886436,1.0225704320096403,20.904181826478975,20.904181826479032
0.8255618538729966,2.439752406339273,18.38580944753369,18.385809447533745
1.64412031998898,1.3842728185105182,20.25984750147836,20.259847501478475
3.7935859653078947,0.5639091200523596,23.22967684525554,23.22967684525554
-0.490776232005741,0.594754341665286,18.914469426328992,18.914469426328992
-1.5074723287149792,0.8534155587803077,17.63911211250479,17.639112112504733
-1.7790288592510466,0.7589285897867651,17.46204255096211,17.462042550962167
-1.6316205699308766,0.2811914239693758,18.087188006099723,18.087188006099723
-0.1542034188282084,0.10420110395187607,19.741595477220017,19.741595477219903
0.6823039496332878,-0.06259312789952241,20.744897077532755,20.744897077532812
0.5533815986600381,-0.7539645888666763,21.30734618752672,21.30734618752672
1.6543664980720476,-0.28067507686677406,21.93504157493885,21.935041574938793
0.02600378375581404,-1.6929568141953855,21.71896059795131,21.718960597951195
2.9070681543146337,-0.09833962679474989,23.005407781109398,23.005407781109398
-0.5293136664759122,-0.9885911071509175,20.45927744067501,20.45927744067501
5.440338333179238,-1.103589317215771,26.543927650395062,26.543927650395005
1.2513346955300124,0.17989415115347845,21.071440544376514,21.07144054437657
-1.714315112832565,1.3920022863445993,16.8936826008229,16.893682600822842
-2.1417849961222246,0.918316606002313,16.93989839787548,16.93989839787548
0.9649448304863706,-1.570500603623177,22.535445434109533,22.53544543410959
-0.4469255706517018,-0.9896281365703375,20.542702565918603,20.542702565918603
1.428000988184184,0.9407711879882159,20.48722980019602,20.487229800195962
0.9464752491470897,-0.9824873935383096,21.928962642685406,21.928962642685406
-0.14565782531374555,-0.2246331499970246,20.078975324683256,20.078975324683313
-1.69358743613681,0.5500520990245519,17.75636046483862,17.75636046483868
-3.0296944493717293,-0.9683444548636353,17.938650005491922,17.938650005491922
-0.8930299041340422,0.1053755061459599,19.001594589719957,19.001594589720014
1.7127975886469446,-1.3340254949182044,23.046823083565187,23.04682308356513
0.4281874882604079,-0.6013676439512137,21.029555132211613,21.029555132211613
-2.491477557423976,0.31978193414253697,17.18874050843351,17.188740508433455
0.346361851702364,-1.5929937335316693,21.93935558523401,21.93935558523401
0.7706347594576736,0.440474737960399,20.330160021497363,20.33016002149725
-1.767714872402266,-0.019637798926681216,18.251922926524458,18.2519229265244
0.3074502118910558,0.5524899544171478,19.75496025747384,19.754960257473954
0.11641743689199979,0.22391413406466143,19.892503302827322,19.892503302827322
-2.285940595661246,1.3641404299738442,16.34991897436487,16.34991897436487
0.7155747206965666,0.12522450264790727,20.590350218048684,20.590350218048684
1.1215690527364688,-0.429405541125253,21.550974593861724,21.550974593861724
2.166102486350554,0.12229750303228377,22.043804983318296,22.043804983318296
2.107604104069806,0.5432980290363879,21.564306075033414,21.564306075033414
-2.755338735914182,0.04886007032570433,17.195801193760076,17.195801193760133
-1.8756500798302456,0.04059169120388238,18.08375822896585,18.083758228965905
1.0300705344173195,-0.7019916878067554,21.732062222224044,21.732062222224044
1.0275719018244176,-0.6629009175509482,21.690472819375373,21.690472819375373
1.0300953726120958,-1.4026052717996935,22.43270064441174,22.432700644411796
7.705462981309442,1.7495767431869393,25.955886238122503,25.955886238122503
1.141781021386334,-1.243863235391285,22.385644256777596,22.385644256777653
2.271131280361198,-0.6929051977959073,22.964036478157027,22.964036478157084
1.9080035269864046,-0.7184072655691974,22.62641079255559,22.62641079255559
1.302782502611596,0.8949243769444413,20.40785812566719,20.407858125667133
-0.6305384892806912,-0.2949496782920278,19.66441118901139,19.664411189011332
1.5179384409865349,1.2477420726737338,20.27019636831278,20.27019636831278
-1.5456504290751436,-0.6734906242438685,19.127840195168687,19.127840195168744
-0.47363721348001775,0.27899416222380197,19.247368624296087,19.2473686242962
-0.9707270956582069,-0.8353470532597573,19.864619957601576,19.86461995760152
0.1637482787726451,2.1451491277733883,18.018599150999307,18.01859915099925
4.629317133347017,-1.1875984190295128,25.8169155523766,25.816915552376543
-3.734530385183496,0.3098207102270275,15.955648904589566,15.955648904589452
1.372520380749027,0.6337768809320985,20.738743499816906,20.738743499816962
-3.2254317423793033,0.41379909745149823,16.360769160169184,16.360769160169184
-0.9438637315788669,-0.1852876588777083,19.241423927298797,19.241423927298854
2.177901193934732,-0.12982069973342616,22.307721893668145,22.3077218936682
0.12856003819092554,0.0438114719791096,20.08474856621183,20.08474856621183
-2.1554895558586122,-0.14700200162848862,17.9915124457699,17.9915124457699
-1.4306074185199364,0.9638791167949097,17.605513464685146,17.605513464685203
1.3591954978693517,2.2105230015913513,19.14867249627798,19.14867249627798
-1.4607332634342733,-0.5574917850078336,19.096758521573634,19.09675852157352
0.43291717916394973,-1.3698029795790778,21.802720158743,21.802720158743057
0.09114367980762757,-0.08828204835125482,20.17942572815889,20.179425728158833
-1.3032006952116342,2.5797093376543185,16.117089967134007,16.117089967134063
4.287888178650651,-0.8036745679697308,25.09156274662041,25.091562746620355
1.2678380446360225,1.6391168054440675,19.628721239192032,19.628721239191975
-4.050285173315214,1.6777008140764407,14.272014012608452,14.272014012608338
0.3729086295388553,-0.5535882417079946,20.926496871246854,20.926496871246854
-1.323572929536776,0.5689830791852754,18.107443991277933,18.107443991277933
1.704866669592448,1.628396623128538,20.076470046463896,20.076470046463896
-1.5850414768654013,-0.3791277409874871,18.794086264122143,18.794086264122086
-0.22947288293379803,-0.20358036010236177,19.97410747716856,19.97410747716856
1.0099745579609143,-0.5816809139486437,21.591655471909576,21.59165547190952
1.731510388340243,-1.0147567306928669,22.746267119033064,22.74626711903312
-2.4005928141115525,-0.6492775450660071,18.248684730954437,18.248684730954437
-0.6690024716818967,-1.2239402667622565,20.554937795080377,20.554937795080377
-0.9498906223219123,0.03408346825922607,19.016025909418772,19.016025909418886
-1.3066584651474238,-0.7699732310586418,19.463314765911264,19.463314765911207
3.5309084805621938,0.2337859117907477,23.297122568771442,23.297122568771442
0.8099634219219111,-1.5558956462036273,22.365859068125587,22.36585906812553
-2.5217679086700904,0.33088023221445706,17.147351859115474,17.147351859115474
1.8357238941095522,0.8335289616089246,21.00219493250063,21.00219493250063
4.2443123940252665,-1.9937356425714554,26.23804803659675,26.238048036596695
2.0649305211022937,0.37405656984757213,21.69087395125473,21.690873951254673
-3.038739931908027,1.2276689924732922,15.733591075618733,15.733591075618676
-0.9684681457325027,-1.2096410186912054,20.241172872958714,20.241172872958714
2.5338222983732455,1.6725723868377034,20.861249911535538,20.861249911535538
-1.4153389312375615,0.4190190093660452,18.16564205939642,18.16564205939642
0.8876388562924569,-0.7050118557584089,21.59265071205084,21.592650712050897
1.5492681068586736,-0.05576907765770601,21.60503718451639,21.60503718451639
-1.853860943156166,0.5583269125217224,17.58781214432213,17.587812144322072
-0.11905071212360016,0.0760053914124115,19.80494389646401,19.804943896463953
-6.482534680138145,0.5387559924463692,12.978709327415459,12.978709327415459
-2.0487752826685797,-0.9206735930793662,18.87189831041087,18.871898310410756
-0.5051363027863206,0.169360824036078,19.325502873177584,19.32550287317764
-2.495566363929699,-1.4137144969049802,18.91814813297526,18.91814813297526
3.2648226078632705,-0.11122606134870032,23.37604866921197,23.37604866921197
-2.8602827559212654,-0.9039076414647897,18.043624885543522,18.043624885543522
-0.8800889733939675,-0.7355299425897666,19.855440969195797,19.855440969195797
0.2614811545721827,1.2360931752104374,19.025387979361767,19.025387979361767
2.882546578132231,1.091310120594269,21.791236457537934,21.79123645753799
-2.8717243023588788,0.609138120907177,16.519137576733897,16.519137576733954
2.326327504309919,-1.092312764672579,23.41864026898247,23.41864026898247
0.020466122039174098,-0.3164084496948019,20.336874571733915,20.336874571733972
-1.9630173020959019,1.2130976999791834,16.823884997925006,16.823884997924893
0.9242069485265415,0.14171691363990474,20.782490034886564,20.78249003488662
0.39811939114694006,2.319329539981694,18.078789851165197,18.078789851165254
-1.2004337543175894,0.39331783939437187,18.406248406288,18.406248406288
0.13960416998003783,0.1920491164900316,19.947555053490078,19.94755505349002
-0.7706271937235204,-0.3091164642025014,19.538489270478976,19.538489270478976
0.22703469050249608,0.1335409047822823,20.09349378572017,20.09349378572017
1.3242613490420934,-0.1524698363805439,21.476731185422636,21.476731185422636
3.172033632290704,0.7081086766885905,22.463924955602124,22.463924955602124
-2.475630997653698,0.9567023167945841,16.56766668555167,16.56766668555173
4.266066749312533,-0.7859894605079495,25.052056209820535,25.052056209820478
-3.9041755990450038,-1.331232953557778,17.42705735451284,17.427057354512783
-0.30357019007116665,-1.8362053731032966,21.5326351830322,21.532635183032085
1.176634412969153,0.5079913269125437,20.66864308605659,20.668643086056647
0.5619837354700653,-1.1033666061738736,21.665350341643943,21.665350341643943
-1.2453990396411876,-2.152890592952483,20.907491553311388,20.907491553311274
-0.41624450071455044,0.3885786045309641,19.195176894754468,19.195176894754525
-0.9860018693176656,2.4929995174327906,16.520998613249617,16.52099861324956
-1.178729513888423,-0.006070911539893324,18.827341397651367,18.82734139765148
1.6992041940420493,0.8384907744516419,20.86071341959041,20.86071341959041
0.7140309719300947,0.08182935854756501,20.632201613382563,20.632201613382506
-1.3858191905213084,-0.09888965319114267,18.71307046266986,18.713070462669805
1.7991997508665014,0.9190764829877686,20.88012326787873,20.88012326787873
0.6145990417532187,-0.29027454418865134,20.9048735859418,20.904873585941857
1.6257242376779202,0.26739231407190295,21.358331923605988,21.358331923605988
1.2592576838472245,0.3216978061960136,20.93755987765121,20.93755987765121
-1.6579900218441446,-0.6680904536430488,19.010100431798833,19.01010043179889
-1.1203620803939391,0.9920423495365228,17.887595570069493,17.88759557006955
1.4945872102465236,-0.17495975669540864,21.669546966941994,21.669546966941937
1.2207405308669297,-0.7557451594928447,21.97648569035971,21.976485690359766
-0.041803187928296265,0.5365098435704035,19.421686968501263,19.42168696850132
0.234654766617564,-0.8984679817910373,21.133122748408596,21.133122748408596
2.55532979157685,0.028181157369128247,22.52714863420772,22.52714863420772
-1.1831427776716599,-0.009118996644203544,18.82597621897264,18.825976218972528
1.0941947623400758,1.085895565831578,20.00829919650846,20.00829919650846
-0.4043853048677881,0.4746982328799528,19.12091646225224,19.12091646225224
-0.4353624064544406,-0.025026958745143917,19.58966455229063,19.589664552290685
2.19755370397438,0.8177662992002871,21.379787404773992,21.379787404774106
1.6508326979760597,1.3902075490173134,20.260625148958752,20.260625148958752
1.627019272001277,0.5578103063518622,21.06920896564941,21.06920896564941
2.610957614308658,0.010352619843380607,22.600604994465243,22.600604994465243
0.0420076832655181,-1.3118362323501596,21.3538439156157,21.3538439156157
1.3639059425899278,-1.0651136630753726,22.429019605665303,22.429019605665303
-0.6205335131869121,-0.30522470435466764,19.684691191167758,19.684691191167758
0.6483327049768842,-0.6095122021592831,21.257844907136132,21.25784490713619
-0.26028610873536917,-0.186971302985446,19.926685194250013,19.92668519425007
0.19399192998543638,0.056649924897107164,20.137342005088385,20.13734200508833
1.1903140508738272,0.5296927543567308,20.660621296517093,20.660621296517093
-1.636441366466945,-0.07049877805909122,18.43405741159222,18.434057411592164
4.1847745513709205,0.4865016438262019,23.69827290754472,23.69827290754472
-2.012034762999404,0.06447441481012024,17.9234908221905,17.9234908221905
-2.4283772255754643,-1.9754665663538713,19.54708934077837,19.547089340778427
2.3162217470001356,-0.9393353938187543,23.255557140818837,23.255557140818894
1.5833253879258717,-0.14408755572161547,21.72741294364755,21.727412943647494
1.2482396341043103,-1.2096947428411076,22.45793437694533,22.457934376945445
1.2566910185285598,0.5999287299962045,20.656762288532377,20.656762288532377
-0.024493545693829246,1.5307508323436974,18.444755621962486,18.444755621962486
-1.794508742971663,1.2187618516973167,16.98672940533106,16.986729405331005
0.15160911638745267,-0.213442870930208,20.365051987317656,20.365051987317656
-1.3543234230242234,1.490726136849952,17.154950440125845,17.154950440125845
1.9502394668355023,0.14866745720211155,21.801572009633333,21.80157200963339
-0.2941147630042773,-0.33708597111803934,20.04297120811384,20.042971208113727
-1.650994393585023,-0.6134026635409398,18.96240826995586,18.962408269955915
-0.6427716833059869,-0.30246968648812833,19.659698003182143,19.659698003182143
0.8258629085512487,-0.38817681854122876,21.214039727092427,21.214039727092484
-1.1274491056079494,0.1704162223754877,18.70213467201654,18.702134672016598
-1.644440791132863,0.1605739810498646,18.194985227817256,18.194985227817256
0.4873744229838246,0.0030460201534144695,20.484328402830442,20.484328402830386
0.48993314221744555,0.43693816974634986,20.052994972471083,20.05299497247114
-1.0138863507422595,1.1906462747863413,17.7954673744714,17.7954673744714
-0.9420766112366455,0.9495541354413237,18.108369253322053,18.108369253322053
0.4640998747152726,-1.4848979684499035,21.948997843165216,21.94899784316516
-2.8961686829946482,-2.553921134901955,19.6577524519073,19.6577524519073
-2.8149275487531105,0.9343199112392737,16.250752540007625,16.250752540007568
-1.436888442504872,-1.366878698415421,19.92999025591064,19.929990255910525
-0.4268943034236945,-0.22476540189268354,19.79787109846893,19.79787109846899
0.6218151311960092,-1.1701130260593595,21.79192815725537,21.79192815725537
2.950712433899104,-1.8019804375800197,24.7526928714791,24.752692871479155
1.7153192464040388,0.541462728204788,21.173856518199273,21.173856518199216
-0.3198770599268542,0.7591551603026468,18.920967779770535,18.92096777977048
-0.03803241580537766,-0.5765104007267194,20.53847798492143,20.538477984921315
-2.0050587292756177,-2.59104229214491,20.585983562869387,20.585983562869274
-0.03702627198477986,-0.5462444482524828,20.509218176267723,20.509218176267723
-0.5773172778402766,0.3918040054025465,19.03087871675723,19.030878716757172
0.645437120676179,-1.4789115687741288,22.124348689450358,22.124348689450358
-1.654461887104646,0.18335991977915564,18.162178193116233,18.162178193116176
1.0386930284823446,-0.015309849172995557,21.05400287765542,21.054002877655307
3.0654778260051554,0.5792914996010884,22.48618632640398,22.486186326404095
-0.2175202969137152,0.11958036841415326,19.662899334672147,19.66289933467209
0.8034234441978829,-0.9730689408815555,21.77649238507945,21.77649238507945
1.380287983422225,1.1965715016644913,20.183716481757756,20.183716481757756
-0.8024409437716725,-0.15852957302697002,19.356088629255282,19.356088629255282
0.44818496362083354,-0.02730453950993186,20.475489503130802,20.475489503130802
0.02518480156358972,-0.933267959073196,20.95845276063676,20.95845276063676
0.19535219709766344,-0.4432822511915103,20.638634448289167,20.638634448289224
-1.546019567710933,-0.8848027140269009,19.33878314631602,19.33878314631596
0.04902034851788543,-0.172946059923423,20.22196640844129,20.221966408441347
0.9959965824908995,1.7117084801423434,19.28428810234857,19.284288102348512
2.9022872155900834,-1.3719011429313563,24.274188358521428,24.274188358521428
1.9185416521704137,-1.6135613978767411,23.532103050047226,23.53210305004717
4.306364915023113,1.4711703274936085,22.835194587529486,22.835194587529486
-1.534695125776099,-0.20932367715186612,18.67462855137569,18.674628551375747
1.7446412734413563,-0.6690727386599166,22.41371401210131,22.413714012101252
0.3666840114767035,1.0399046873960764,19.326779324080576,19.326779324080633
4.3796058664353446,-0.6056155397368641,24.985221406172172,24.985221406172172
-1.616596570710303,1.8260097135469362,16.55739371574282,16.557393715742762
-1.6794436843615521,0.6779258713392691,17.64263044429913,17.642630444299186
-1.1987852908880443,-0.48791140814570266,19.289126117257638,19.289126117257638
-4.247791448619614,2.1573082132655035,13.594900338114826,13.594900338114883
-1.051510043361522,-0.6057149230033384,19.554204879641816,19.554204879641816
-1.518265323107396,0.742095372009307,17.739639304883326,17.73963930488327
0.30078757295241526,0.2992925804064919,20.001494992545986,20.00149499254593
0.6835119515543189,1.301741289398798,19.38177066215553,19.381770662155475
3.7523416784317725,1.5615111967268527,22.190830481704893,22.19083048170495
1.9008476763721005,0.032004149065766624,21.868843527306353,21.868843527306353
-1.1538073113248062,-0.7534178703461835,19.599610559021357,19.599610559021414
-1.796829342696716,0.4599721429391164,17.743198514364167,17.743198514364167
0.9838383430130114,-0.6777153697521061,21.661553712765112,21.661553712765112
-2.6404664140412843,2.013387247526623,15.34614633843205,15.346146338432106
3.6629175317087075,0.13653533108273744,23.526382200625903,23.526382200626017
2.358880241442574,-0.3653215513121087,22.724201792754684,22.724201792754684
-0.9383513042094096,0.1846803058649084,18.87696838992565,18.876968389925707
-3.426269058181755,-1.3471262895296965,17.920857231347895,17.920857231347952
2.7077447483308257,-0.9716140385106515,23.679358786841476,23.679358786841476
-0.22907969050523577,1.2004139079444254,18.570506401550347,18.570506401550347
2.4756326239469235,-0.6568942789713957,23.132526902918357,23.1325269029183
-3.188855317588734,-1.0469109826819396,17.858055665093275,17.858055665093218
-1.1987500459075457,0.5366527525272862,18.264597201565152,18.264597201565152
0.010487399436366332,1.185704154662997,18.824783244773357,18.824783244773414
0.09396118752948411,0.7189533106650667,19.3750078768644,19.3750078768644
-0.9001309429584873,0.9960476858058164,18.103821371235654,18.10382137123571
1.2456998646949975,-0.7567950885694608,22.00249495326443,22.00249495326443
-2.1352408587651888,-1.4218106667418438,19.28656980797666,19.28656980797666
-0.284758970042587,1.5013336519554867,18.213907378001863,18.213907378001977
0.24059126342379772,-0.32267983884213575,20.563271102265958,20.563271102265958
1.028877668117498,-0.25083301645504735,21.279710684572592,21.279710684572535
1.4232297561777796,1.328194141849058,20.095035614328708,20.095035614328708
-2.2492841836757385,0.5562300094006599,17.19448580692358,17.19448580692358
-3.0682283414712446,0.45588777208160763,16.47588388644715,16.47588388644715
2.555353643797018,2.165002344901084,20.390351298896007,20.390351298895894
0.6646280239591833,-0.643518230380143,21.30814625433925,21.308146254339363
-1.4969730731131072,0.9278401280812372,17.575186798805703,17.575186798805646
3.102303951045046,0.0570131248970845,23.045290826147948,23.045290826147948
0.23134926858571733,0.26859227886325693,19.962756989722493,19.962756989722493
2.358594368127653,1.5284684264125317,20.830125941715096,20.830125941715096
0.1350369628202179,0.5078357562896237,19.62720120653057,19.62720120653057
4.121495849763974,0.538296079049633,23.583199770714373,23.583199770714316
3.510681684886409,1.0725073373098022,22.43817434757659,22.43817434757665
-0.497928296958147,-0.3649527295428853,19.8670244325848,19.867024432584742
1.9431419019087108,-0.8392096673390064,22.78235156924768,22.78235156924768
1.290751899170295,-1.0448091940210336,22.33556109319136,22.335561093191302
2.7372631150646973,-1.9663565893760018,24.70361970444071,24.70361970444071
-1.929846921160209,2.056207129940322,16.013945948899504,16.013945948899448
1.3721029199968786,-1.1032083657216831,22.47531128571859,22.47531128571859
2.1168489736991756,-0.221253623585772,22.338102597284887,22.338102597284944
-3.5174789728462286,-0.27681329988892067,16.759334327042666,16.759334327042723
-2.36651702533155,0.30740669780910074,17.32607627685934,17.32607627685934
-4.078464355520201,0.8157372125392968,15.10579843194057,15.105798431940457
-0.5388136688891155,0.8604734883597454,18.600712842751136,18.600712842751136
1.4350845115919246,-0.5830774385689385,22.018161950160902,22.018161950160845
3.004714104192056,-0.1671217137864115,23.17183581797849,23.171835817978433
0.14818956083955037,0.28257995048829965,19.86560961035127,19.86560961035127
3.2572310911425837,-0.24869112618354708,23.505922217326088,23.505922217326088
-2.7602029164297828,1.6073455760199926,15.632451507550286,15.632451507550229
-3.4067648787103093,0.49097495163825133,16.10226016965146,16.10226016965146
-0.11109539779323756,0.7348777860498175,19.154026816156943,19.154026816156943
0.7681308978786145,0.6628812686674127,20.10524962921113,20.105249629211187
-0.06538949618818622,1.173473857485325,18.761136646326463,18.76113664632652
-4.134884200079753,0.18102155870370695,15.684094241216485,15.684094241216542
-0.17824007902557681,-1.2968319479558466,21.118591868930253,21.11859186893031
-2.6089390010097064,0.3996879517526416,16.99137304723763,16.99137304723763
1.339345097660077,-0.651356893791829,21.99070199145183,21.990701991451942
0.7331964921936965,-0.5286166817497568,21.261813173943438,21.261813173943494
-1.8797595726547105,0.5863640187550933,17.533876408590118,17.533876408590174
-1.027733834673387,1.2382830714336357,17.733983093892903,17.733983093893016
-2.118427043777903,0.02127157673606165,17.86030137948603,17.86030137948603
-0.12535819454634375,0.3088330125989638,19.565808792854682,19.56580879285474
1.9102846410024765,1.702214944635238,20.20806969636726,20.20806969636726
-1.9714520926710875,0.24075317948856828,17.787794727840264,17.78779472784032
1.0080930310356888,2.601683114180395,18.406409916855296,18.406409916855296
-1.0605152367448816,0.5655096456315442,18.37397511762356,18.37397511762356
-1.5857456645246883,-1.7607627591558177,20.17501709463113,20.17501709463113
-0.21406071990911565,0.7533416211045325,19.032597658986447,19.032597658986333
-2.070484644838748,0.38115838488277776,17.54835697027852,17.548356970278462
-1.107298610694364,1.2897527540827456,17.6029486352229,17.602948635222845
-2.395755785177697,0.6731813512699584,16.93106286355237,16.93106286355237
3.9294502658327786,-0.13845598398377382,24.067906249816588,24.06790624981653
0.07052710394345722,-1.2242982362893657,21.29482534023282,21.29482534023282
-1.3994510159851712,-0.20902325728602528,18.809572241300884,18.809572241300884
0.427959821468444,-0.8505204542093001,21.278480275677794,21.278480275677737
-0.22465609938165965,-0.5805234498047227,20.35586735042307,20.35586735042307
-0.44193919906644596,0.5885784044206096,18.969482396512944,18.969482396512944
1.2283334000868504,1.6699045043514062,19.55842889573546,19.55842889573546
1.5150154200946102,0.3946715298229811,21.12034389027167,21.120343890271613
-1.061002295221055,-1.1958830620351844,20.134880766814035,20.13488076681415
-1.15163648128936,0.4446026682201407,18.40376085049047,18.403760850490528
-0.550103394303288,1.196631486645651,18.253265119051093,18.253265119051093
-4.60384232947117,-0.6097829043193822,16.005940574848182,16.00594057484824
-3.0303821243971045,-0.1340171666729177,17.10363504227587,17.103635042275812
2.7337485348890493,0.014688194729197093,22.7190603401599,22.719060340159842
3.2899354270025674,-0.78489831308224,24.07483374008484,24.074833740084784
-0.49807207911275664,0.648280433843859,18.853647487043418,18.85364748704336
1.1531139261115328,-0.12094814860778157,21.27406207471938,21.274062074719325
0.6225003090870722,0.41953244390702776,20.202967865180085,20.202967865180028
6.157761616910475,-0.8874921778021001,27.045253794712494,27.04525379471255
2.2391498228691535,-0.43745830032341043,22.676608123192636,22.676608123192523
-0.25583518296153307,0.7223813578277714,19.021783459210724,19.021783459210724
-1.9110808812008515,-0.372833152091767,18.461752270890884,18.461752270890884
-3.212892640515145,1.7269638512334051,15.060143508251372,15.060143508251485
0.4069272717344462,-0.39963618561460235,20.806563457349057,20.806563457349057
-1.5127014905686067,0.22468472575188592,18.262613783679512,18.262613783679512
-2.8445074191953483,0.9325908318730899,16.222901748931577,16.222901748931577
-1.2931457684850531,-1.4183657329330317,20.12521996444798,20.12521996444798
-2.16309600722879,-1.7608088119807759,19.59771280475195,19.597712804752007
3.3742832701451295,-1.5256563145700948,24.8999395847153,24.89993958471524
1.763279513898901,1.262584103427182,20.50069541047162,20.500695410471735
-0.015945282633234744,-0.5518581458924467,20.535912863259227,20.53591286325917
2.9598882777800517,2.5581992856682523,20.401688992111758,20.401688992111815
0.1547366152952366,-0.5642475986573886,20.718984213952695,20.718984213952638
-1.7225684026565273,0.18455130319703697,18.092880294146426,18.092880294146426
3.0462481545393145,1.5421099525678756,21.504138201971386,21.504138201971443
1.0778200873693173,2.006092888159123,19.07172719921016,19.071727199210216
-2.074492308652913,2.061503576636398,15.864004114710724,15.864004114710667
-0.3806773561672164,1.2083662305931424,18.41095641323966,18.41095641323966
-1.7512365067695144,1.0240625258114624,17.22470096741904,17.22470096741904
-2.765599461928672,0.5925269492011831,16.641873588870112,16.64187358887017
1.8523550950632828,0.7783610761666377,21.073994018896656,21.073994018896656
3.818833280940261,-0.5511857163285334,24.370018997268744,24.3700189972688
-2.7971351476382824,-0.8181988834223072,18.02106373578397,18.021063735784026
1.1259384733811417,-0.0033744574109520514,21.129312930792025,21.129312930792082
-1.3012851382436539,-0.17018462252492844,18.868899484281314,18.868899484281258
-0.9742507675293921,-0.4532280493272752,19.47897728179794,19.47897728179788
-1.1847878484777383,0.6963874474567153,18.11882470406556,18.118824704065503
-1.727981539359632,0.9553052085705107,17.316713252069917,17.31671325206986
0.09704325588965398,0.08840688629184736,20.008636369597752,20.00863636959781
-1.6619002328220756,1.4775300810552618,16.86056968612263,16.860569686122687
0.5409136515596776,-1.141689114133505,21.68260276569322,21.68260276569316
-0.1004762188982739,-0.19365945927971812,20.09318324038145,20.09318324038145
-0.4778960937328195,-0.7168223206028049,20.23892622686992,20.238926226870035
-1.8151273240831958,-1.86653661707306,20.051409292989888,20.05140929298983
-1.1535426611366655,-0.08268068584269925,18.92913802470605,18.92913802470605
1.510782451651512,-0.12174750838328353,21.63252996003473,21.632529960034788
1.0018343752487615,1.513449743242131,19.488384632006614,19.488384632006614
-1.955110489597102,0.6308116845547775,17.41407782584804,17.414077825848153
0.19866461085845175,-1.024186824329205,21.222851435187636,21.222851435187636
1.502774246743578,1.8540925663341883,19.648681680409368,19.648681680409368
-3.3388105622427435,1.221033695525353,15.440155742231923,15.440155742231866
1.08672038475987,0.5820977034686158,20.504622681291153,20.504622681291266
-1.3252475178916934,-0.22648409884983192,18.901236580958084,18.90123658095814
1.1411973371863187,-0.9594392367234797,22.10063657390981,22.10063657390981
-1.5265183130850337,-0.372206776071053,18.845688462986004,18.845688462986004
-3.609764201329038,1.088748619704186,15.301487178966681,15.301487178966795
-3.2550848757663253,1.884586305934609,14.860328818299081,14.860328818299081
0.09616989332276399,1.543243528272189,18.552926365050553,18.55292636505061
0.5194450034429637,-0.4888494217862741,21.008294425229224,21.008294425229224
-1.8086332502088172,-1.1196174332890112,19.310984183080222,19.310984183080222
1.2771849175547478,0.14088624691120394,21.136298670643555,21.136298670643555
-3.3230401245379197,-1.7684393655628516,18.445399241024916,18.445399241024973
-0.13215959729463314,0.32316771418478146,19.544672688520563,19.54467268852062
-2.4220323995249133,-0.14760258629866868,17.72557018677378,17.725570186773723
-1.3036722156043183,-0.46603650186824225,19.162364286263823,19.162364286263937
0.09479734263282803,-1.5947030672667954,21.68950040989955,21.68950040989961
-1.7208267305679048,0.5136001065697166,17.765573162862438,17.76557316286238
-0.7691110884596507,-0.5327008396619114,19.763589751202176,19.76358975120229
2.012585618428881,-1.169916835710288,23.182502454139126,23.182502454139183
-1.1537837390462975,-2.8722622132816493,21.718478474235326,21.718478474235383
1.6713842241302836,-0.027514905050636255,21.698899129180973,21.698899129180916
-2.259413709315236,1.772251596669744,15.96833469401497,15.968334694015027
1.0596083558305656,1.66125921454787,19.39834914128278,19.398349141282665
2.8831372413158007,-0.45709625658627184,23.34023349790209,23.34023349790209
-4.943289000254579,-0.6022120603617805,15.658923060107213,15.658923060107213
-1.5937905109409536,0.46877425607502377,17.937435232984058,17.937435232984
1.15414425436108,-0.9983854391882915,22.152529693549354,22.152529693549354
-0.4060907720859854,0.30179189981946597,19.29211732809449,19.292117328094548
0.7422917467426177,0.7660802783846903,19.97621146835786,19.976211468357974
-1.2079703734316412,1.2269332238843076,17.56509640268405,17.56509640268405
0.17317957494579983,-0.10015407647995278,20.273333651425787,20.27333365142573
-0.31135447078415895,-0.20367375017696587,19.892319279392837,19.89231927939278
2.3355641233196147,-0.877982586756561,23.21354671007623,23.213546710076173
0.5088416866024262,-0.82688035403986,21.33572204064228,21.33572204064228
0.6752053241504044,-0.22647889190152676,20.901684216051876,20.901684216051933
-0.8237539322449348,0.3673655068161781,18.80888056093886,18.808880560938917
-0.9752124481449871,0.9135846262332494,18.111202925621683,18.11120292562174
-0.8651163756392418,-0.8031789506803448,19.938062575041158,19.9380625750411
0.7889042847565937,1.4926885689595217,19.296215715797075,19.296215715797075
-0.8419689616405259,-0.2711236010425688,19.429154639401986,19.429154639402043
0.5795497137928258,-0.021367294348436157,20.600917008141323,20.60091700814121
4.150801597290878,-0.7472116791478234,24.898013276438633,24.89801327643869
1.7422494068633847,-2.4242402602729416,24.166489667136375,24.166489667136318
-0.6520470643356823,0.8840453963610497,18.46390753930325,18.46390753930325
2.4024278443278897,0.7368438970924334,21.66558394723552,21.66558394723546
-0.8161507460431028,-0.2813275571182134,19.465176811075025,19.46517681107514
-4.076249070355708,0.06699071722487192,15.856760212419431,15.856760212419431
-2.016172621834808,0.5159392177040995,17.467888160461143,17.467888160461086
-3.7415838420517114,-1.5625458568865427,17.82096201483489,17.820962014834777
-0.7030269680826173,-0.5290526773462948,19.826025709263604,19.82602570926366
0.0368367583791034,0.7942646796218271,19.242572078757235,19.242572078757235
3.3528746245505654,-1.2542894231692494,24.60716404771972,24.607164047719834
0.6538547475283253,0.2935579321666293,20.360296815361608,20.36029681536172
-0.4382010576177285,-1.356581804623405,20.9183807470057,20.9183807470057
1.6588111623669783,0.46642998243352635,21.192381179933477,21.192381179933477
-4.42227061801577,-0.03564148229748357,15.613370864281706,15.613370864281706
0.47122911621713187,-1.6151318159055095,22.086360932122716,22.08636093212266
1.5417303877739337,1.1647393544571714,20.3769910333167,20.376991033316756
-2.957172491559683,-0.7345915767980492,17.777419085238307,17.777419085238364
2.287508086413858,-0.810252437014381,23.097760523428178,23.097760523428235
0.6769928149888282,0.20056919723094285,20.47642361775786,20.47642361775786
-0.8305758278016026,1.1486373494287152,18.020786822769765,18.02078682276965
1.2655637322125697,-1.015821818978397,22.281385551190965,22.281385551190965
4.541385715608792,0.06167984984797165,24.47970586576082,24.47970586576082
0.3637325101169903,0.42881650033057295,19.934916009786434,19.934916009786434
0.49644117260067216,0.6931056072631441,19.803335565337534,19.803335565337534
-0.9187217990804882,0.1764415552772252,18.904836645642263,18.904836645642263
-1.6996887389295836,-0.3670278390833223,18.667339100153754,18.667339100153754
1.6606716330884912,-0.8275902206487197,22.488261853737185,22.488261853737242
-1.7121676518177344,0.08614388304637476,18.20168846513593,18.20168846513593
0.14313247443878493,-1.072139011985607,21.2152714864244,21.2152714864244
-0.9553148935302334,-2.9213504834946074,21.96603558996435,21.966035589964406
0.9579596514927837,0.4365598041576678,20.521399847335033,20.52139984733509
0.6673242105738966,0.9039348410861953,19.763389369487754,19.763389369487697
2.0750798885157984,-2.3629324355418384,24.438012324057695,24.438012324057638
-1.020032797709494,-1.0097307047099375,19.98969790700039,19.98969790700039
-0.5397498705867425,0.6191542610051978,18.841095868408047,18.841095868408104
-1.9575274315646147,2.0574954697116987,15.984977098723675,15.984977098723675
-0.8885865201522232,0.020793707675407894,19.09061977217243,19.090619772172374
0.7546009860897044,-0.7280029412291344,21.48260392731879,21.48260392731885
1.5139772332907038,-0.18289644110484016,21.696873674395533,21.696873674395533
-1.8443306483552508,1.3748764191481848,16.780792932496524,16.78079293249658
1.7392118402113204,-0.6459641791245353,22.38517601933586,22.38517601933586
2.711275717609902,-0.7991920066502536,23.51046772426014,23.51046772426014
0.8268698064474017,-0.4827435221820324,21.309613328629325,21.30961332862944
3.753591625116132,-0.9533286082587124,24.70692023337483,24.70692023337483
-1.547578398207146,0.12267031599479553,18.32975128579801,18.329751285798068
-2.489309406622834,1.6246784584695606,15.88601213490756,15.88601213490756
-3.557440497808557,0.3230792731160291,16.119480229075407,16.119480229075407
2.992088622978366,-0.2523535021262876,23.244442125104683,23.244442125104683
1.3087313127081155,-0.2918112689155441,21.6005425816237,21.600542581623642
-0.11116934182091014,-1.563190808696657,21.45202146687575,21.45202146687575
0.5599372526396406,0.883109777147159,19.676827475492473,19.676827475492473
-2.250978094596753,-0.07783719701280203,17.82685910241605,17.82685910241605
4.891503959233653,-0.18047991359062565,25.071983872824262,25.071983872824262
0.258442363950455,3.193107567844861,17.065334796105617,17.065334796105617
0.21878958920978578,0.29875290836568624,19.920036680844078,19.920036680844078
1.451533247797384,-0.7517910500951843,22.20332429789255,22.20332429789255
0.9620184634734265,-0.4263575962055433,21.38837605967899,21.38837605967899
0.44776804855826274,1.1484457091967548,19.299322339361538,19.29932233936148
-1.5809489108906238,0.11327041053776446,18.305780678571637,18.30578067857158
0.9429367142719914,-1.4382779783173667,22.381214692589424,22.381214692589367
3.7640489929500673,0.9192289345752035,22.844820058374808,22.844820058374864
2.6908400923099554,-0.668144085538994,23.358984177848924,23.358984177848924
3.186373253278794,1.8732977762175456,21.31307547706126,21.31307547706126
-1.0224313528623703,1.0800480657146485,17.89752058142301,17.897520581422953
-1.9792096405171618,-0.4473218956587512,18.46811225514159,18.46811225514159
-0.2515738401992963,1.281016361735113,18.467409798065546,18.467409798065603
0.11144982457738921,0.0678555105274033,20.043594314049983,20.043594314049983
2.188383036941897,0.8527736751222195,21.335609361819706,21.335609361819706
-3.3849292594296387,0.48473281729447476,16.130337923275874,16.13033792327593
3.0591006389212274,-0.8463566549908735,23.90545729391215,23.905457293912093
-0.31601579715797884,-0.643549832317462,20.327534035159488,20.327534035159488
-0.8537621398948401,1.0299608175811612,18.116277042524075,18.11627704252396
-2.024208750520335,-0.33477533210654087,18.310566581586272,18.31056658158616
-3.3097133437315387,-0.4036484632419967,17.093935119510434,17.09393511951049
1.6463411679238291,-0.955122579349353,22.601463747273215,22.601463747273158
0.14663593437680777,0.42359906559346105,19.723036868783424,19.723036868783367
-2.5799217994821078,2.062524919243145,15.357553281274704,15.357553281274761
-2.590157544127232,-1.0675329142542729,18.477375370126992,18.47737537012705
-0.6715693985802564,0.02421945667275807,19.304211144747,19.304211144747
3.338043050578786,1.4122205554154292,21.925822495163402,21.925822495163345
-0.5191827027272096,-0.07964139124571515,19.56045868851845,19.56045868851851
-3.0062859062362124,0.4523717962497339,16.541342297514007,16.541342297514063
-0.49148612817188864,-1.0623935281468797,20.570907399975,20.570907399974942
-0.545447139495341,0.4283070972076486,19.026245763297084,19.02624576329697
-5.393773285883143,-0.18714426500454878,14.793370979121391,14.793370979121448
-0.10858973303562441,0.985729995679863,18.905680271284496,18.905680271284496
-0.4618690604173559,1.1873860515647512,18.350744888017857,18.350744888017857
1.3924127296268367,2.589563642018614,18.80284908760825,18.802849087608195
3.6979121898906904,0.5796331732135757,23.118279016677093,23.11827901667715
2.253130059095515,0.32579631658216646,21.927333742513383,21.927333742513326
-0.5377773811096611,0.19438430157733602,19.26783831731302,19.26783831731302
-2.2130518174833407,-0.35316629281068834,18.140114475327323,18.140114475327323
5.146719606499721,0.33848384346169114,24.808235763037942,24.808235763038056
0.11843686802897652,-0.29540141013902943,20.413838278167987,20.413838278168043
0.027858583825892406,0.1684609762696143,19.859397607556275,19.859397607556275
-0.048250174220006554,1.3175975356079597,18.634152290171983,18.63415229017204
0.3961695215357099,-1.0065425652796411,21.402712086815427,21.402712086815313
-0.28872082384788494,1.1398785611290454,18.57140061502298,18.571400615023094
-1.1473240137604725,1.3171150673398653,17.535560918899705,17.535560918899705
-1.0937178824807843,-0.11806852699107874,19.024350644510378,19.024350644510264
-0.06550654043199677,-2.1218548990085946,22.056348358576543,22.0563483585766
-1.08684954226753,-0.6078219870944325,19.520972444826953,19.520972444826896
-1.4256915653543287,1.2969945465611092,17.277313888084564,17.277313888084564
0.21286045538379367,-0.022868062298882122,20.235728517682674,20.235728517682674
-0.5099544348417105,-0.9993022322949108,20.489347797453206,20.489347797453206
3.007985977165377,-0.5047749212282174,23.512760898393594,23.512760898393594
-5.301939616786024,0.840620026504553,13.85744035670939,13.857440356709446
2.1830137038449235,0.5467335682013793,21.636280135643574,21.636280135643574
2.492170384995258,-0.23893209916969432,22.73110248416492,22.73110248416492
-4.146780464816299,-0.36682441181468756,16.22004394699843,16.220043946998373
-0.6853751881606975,-0.3917581490438219,19.706382960883047,19.706382960883104
-0.7428817319915829,-0.9224101844985025,20.17952845250693,20.17952845250693
-2.8150233894356425,1.6153756894694418,15.569600921094889,15.569600921094946
-1.5556333751817506,-0.3223204692113399,18.766687094029635,18.766687094029578
-2.2211516909316575,1.2171585208254965,16.561689788242916,16.56168978824286
3.5045408868472454,1.5213160519224513,21.98322483492484,21.983224834924783
1.8713567862949223,0.9983108981479604,20.873045888146976,20.873045888146976
2.5431101899883175,-0.4316203127180484,22.97473050270628,22.974730502706393
1.4433441280864703,0.40373009033660945,21.039614037749857,21.039614037749857
-2.2581035424344584,-0.024195606390916165,17.76609206395642,17.76609206395642
-1.0490405325595473,-0.9037018607301281,19.854661328170664,19.85466132817055
0.9787491224558361,0.324359281721603,20.65438984073421,20.65438984073421
-2.4442556177838908,-1.1790397911598025,18.73478417337583,18.734784173375942
1.4259968603447761,1.1876793884615637,20.238317471883192,20.238317471883192
-0.48065079631627006,-0.4646172972983931,19.983966500982206,19.983966500982092
-0.749641615099195,0.2011596558728393,19.04919872902792,19.04919872902792
1.421919936406983,0.28328787154614216,21.13863206486087,21.13863206486087
0.8885266229720795,-0.25890497370407733,21.147431596676142,21.147431596676142
-0.7219323316381598,0.5866938014752747,18.69137386688658,18.691373866886522
2.318659606728496,-0.47490365662252443,22.79356326335096,22.793563263351018
-2.1621266551997946,0.8712972974572442,16.966576047342983,16.966576047342926
1.2318712138885275,-1.3459796802467485,22.57785089413528,22.57785089413528
1.1862025159367675,0.12637957954641182,21.059822936390333,21.059822936390333
-0.6190928786279806,1.9389289990582848,17.4419781223138,17.441978122313742
0.652266044484236,-1.0003313246055747,21.65259736908979,21.65259736908979
-2.502227152770606,-0.6777449705248515,18.175517817754212,18.175517817754212
1.848054038413802,0.513907849658915,21.334146188754858,21.334146188754914
-0.36980427288597806,0.17958178193959795,19.450613945174382,19.45061394517444
-1.045446041038079,0.3506300992735592,18.603923859688393,18.603923859688337
2.0980184516737785,0.4891871301476635,21.608831321526054,21.60883132152611
-1.4086873810855185,0.6347214685617699,17.956591150352665,17.956591150352665
-2.8169225927271193,1.1096998419562232,16.07337756531672,16.07337756531666
-3.1132583470478075,0.40981865692851255,16.47692299602363,16.47692299602369
1.2120199026912792,-0.24125765461854246,21.453277557309775,21.453277557309832
-2.560858704992566,0.6725737012027313,16.766567593804666,16.766567593804723
3.5095883639687293,1.8998819348952156,21.609706429073526,21.60970642907347
-4.163858815767444,-0.13263374638257355,15.968774930615155,15.968774930615098
3.3929127365800764,-0.9745293046706415,24.367442041250797,24.367442041250683
0.4220349344052368,1.1070806692869728,19.314954265118217,19.314954265118274
-0.19342622374078478,-0.12038116395359824,19.92695494021291,19.926954940212795
-1.0898381736178995,-2.172669546014036,21.082831372396186,21.08283137239613
0.7982722287041417,0.8474216771504216,19.950850551553685,19.950850551553742
-0.07526940484969673,-0.5353281859539227,20.460058781104294,20.460058781104237
2.206603764033043,-0.09053328230416077,22.297137046337184,22.297137046337184
0.2284552973240793,0.33198033056901455,19.896474966755136,19.89647496675508
0.3006035229237552,0.1904996797790664,20.110103843144657,20.110103843144714
-0.7272244244277117,0.7094518171390395,18.563323758433285,18.563323758433228
-0.11389124744213491,-0.43548637056984335,20.321595123127736,20.32159512312768
0.6156035377841184,0.5131057981760827,20.102497739607998,20.102497739608054
-3.420336785313251,-0.2595466775839172,16.839209892270674,16.839209892270674
-2.696370844211426,0.738810480887503,16.564818674901062,16.56481867490112
1.48652818804543,0.6153674840130534,20.871160704032377,20.871160704032377
0.3417308762558837,-0.9354387020445953,21.27716957830046,21.277169578300516
-0.36796667270535827,1.0859821161750323,18.54605121111956,18.546051211119618
0.03686786613078632,-0.535963445114048,20.57283131124484,20.572831311244784
0.6951634107233421,0.8080577982811451,19.887105612442156,19.887105612442213
-1.079519360618723,0.36728731340134063,18.55319332597992,18.55319332597992
-1.5566094508046253,1.8381836767951225,16.60520687240023,16.605206872400288
0.3916905101953631,-0.22346598237185214,20.61515649256728,20.615156492567223
-1.956745555230064,-0.3493167961181975,18.39257124088806,18.392571240888174
0.8165055114289437,-0.01941960588773261,20.83592511731672,20.835925117316663
-3.4051672084756808,-0.30317978283427544,16.89801257435863,16.898012574358575
2.0583112746512873,0.7999419019420501,21.25836937270924,21.258369372709183
0.945194964826086,-1.616310608436588,22.561505573262707,22.561505573262707
0.5120594686277513,-1.053682419146354,21.56574188777404,21.565741887774095
1.9653819678910278,-1.067802921579193,23.03318488947025,23.033184889470192
3.3309488889251533,0.9503075919735757,22.38064129695158,22.38064129695158
2.028740130036261,1.7106133725819253,20.31812675745425,20.318126757454365
-3.6817484626632906,-0.1044492185374715,16.42270075587419,16.42270075587419
-2.559153933471403,-0.16882172319001063,17.60966778971863,17.60966778971863
-1.2496371553913577,0.07005216311318138,18.680310681495484,18.680310681495428
0.05218210042166757,1.1618783026081905,18.89030379781343,18.89030379781343
1.035318040938246,-0.9273531341905741,21.962671175128776,21.962671175128833
-1.4514876263069312,0.23836898273478513,18.310143390958274,18.310143390958274
0.37353352895415665,0.9751976297824297,19.398335899171684,19.39833589917174
-1.510765864706645,0.5010941699398452,17.988139965353525,17.988139965353525
-1.2230356059838965,0.1895816165987434,18.58738277741736,18.58738277741736
-2.8133221936964445,1.0010460925671412,16.185631713736484,16.185631713736427
-1.8464664922218086,-2.703232292999237,20.856765800777453,20.856765800777453
-2.7033692112326673,0.6778753195309076,16.618755469236362,16.61875546923642
-1.9517465059546655,-0.6540756831274238,18.702329177172714,18.70232917717277
2.107283593215679,-1.830632896856457,23.937916490072098,23.937916490072155
-1.898797777663886,0.5112025995249807,17.589999622811206,17.589999622811092
5.264764129674782,1.3736585451629577,23.89110558451182,23.89110558451182
0.9866358017617785,-0.13744851462769186,21.12408431638937,21.124084316389485
0.3696722473897478,0.9528745472029388,19.416797700186862,19.416797700186805
-1.7167155603624271,1.6122782579886454,16.671006181648863,16.67100618164892
1.4006197588179827,1.3149144535840473,20.085705305234,20.085705305233944
-1.1512756524755479,1.639964529371393,17.208759818153112,17.208759818153055
0.24401962929072288,0.7421274910718922,19.501892138218864,19.501892138218864
5.120169076537589,0.0754336389015928,25.04473543763595,25.044735437636007
-0.19211979944929974,-1.6019658118971685,21.409846012447815,21.409846012447872
2.2985466525713516,-0.24606248812994858,22.544609140701255,22.54460914070131
-1.4063528502517748,-0.8432465953161917,19.436893745064367,19.436893745064424
-0.0699769809939234,2.1709427174978138,17.75908030150822,17.75908030150822
3.54160127127102,-0.1758858124323366,23.717487083703304,23.71748708370336
-1.2539341155755348,0.12320480678448567,18.622861077639982,18.622861077639982
3.6248971159938574,0.5514853760404675,23.07341173995337,23.07341173995337
1.4155038709109509,0.043602446372453724,21.371901424538464,21.371901424538464
-1.1249335517885353,1.695051040430753,17.18001540778073,17.180015407780672
1.264815478111042,-0.622649361734452,21.887464839845507,21.88746483984545
1.9451088992534598,0.1946074552372427,21.75050144401621,21.75050144401621
1.2436199244343928,-0.7424705856980482,21.986090510132385,21.986090510132442
-3.140449439780913,-1.3200225112207058,18.17957307143979,18.17957307143979
-1.4542743516497372,-0.6117690909052854,19.15749473925564,19.157494739255526
-0.4950372711030095,-0.03703679704841202,19.541999525945357,19.541999525945414
-0.14886685820009257,-0.42930222451725997,20.280435366317192,20.280435366317136
1.241344195101356,-0.692420979873856,21.93376517497518,21.933765174975235
0.35540200186650767,-1.4063174636718339,21.761719465538363,21.761719465538306
-2.6706887174202025,-0.08310557262869477,17.412416855208562,17.412416855208505
0.7603957020119264,-1.5047203740310022,22.265116076042887,22.265116076042943
1.2211714905676463,0.7600559636896026,20.46111552687796,20.461115526878075
1.1195808958620797,0.08243975293450329,21.037141142927567,21.037141142927624
2.1615614511092436,-1.4575514994649306,23.619112950574163,23.61911295057422
1.6678443090978081,-0.30920907704986345,21.97705338614776,21.977053386147645
0.9183601584568734,-0.7521564055905832,21.670516564047375,21.67051656404749
-0.14033142291729406,0.31917451041918043,19.54049406666354,19.540494066663484
-3.321921867031983,1.3404504460231446,15.33762768694487,15.33762768694487
0.8592364382651717,-1.8751724696457446,22.734408907910847,22.734408907910904
0.4153753743262223,0.11502607914741717,20.300349295178762,20.30034929517882
0.5431576743907469,-0.1601327955666404,20.703290469957324,20.70329046995738
-2.553497151640619,0.6713400764504657,16.775162771908867,16.775162771908924
-2.1621130808165248,0.21319662823768915,17.62469029094575,17.62469029094575
2.106305706665807,-0.7519693317388191,22.8582750384046,22.8582750384046
-0.07911030771331008,-0.31905393566661816,20.239943627953267,20.239943627953267
1.3630013947452488,-0.796025856803489,22.15902725154865,22.159027251548764
0.056636752260922345,1.0760071385985983,18.98062961366236,18.98062961366236
0.05951227899149038,0.02131164867194222,20.03820063031958,20.038200630319523
1.8765676119519954,1.9011906857530074,19.97537692619892,19.975376926198976
-1.0320894564347478,-0.060660813814620775,19.02857135737986,19.02857135737986
0.19224155388196673,-0.7084067669104628,20.90064832079247,20.900648320792413
-0.924550577410085,-1.5137143926128271,20.589163815202824,20.589163815202767
-0.8689924548646312,-1.803139676255945,20.9341472213913,20.934147221391356
-0.6183442469372787,-1.5841359430054898,20.96579169606821,20.96579169606821
0.4442675432674257,0.2671266510114834,20.17714089225592,20.17714089225592
-0.9574972433269546,0.5087250232299338,18.533777733443117,18.533777733443117
2.5115122511470416,-1.5811907020321334,24.092702953179128,24.092702953179185
-1.7892146044390078,0.8950383140761154,17.3157470814848,17.315747081484915
-0.3737432883227181,-0.4830610516834395,20.10931776336065,20.109317763360707
-0.8794621165483498,0.14679301198554937,18.973744871466124,18.973744871466124
2.8939557687074657,1.6122206282554243,21.281735140452042,21.281735140452042
0.39310955302314926,0.8968393158655319,19.496270237157546,19.496270237157603
2.0636890789372697,-0.2685306479058323,22.33221972684305,22.332219726843107
-2.971120746073944,-0.8911922254152874,17.920071479341345,17.920071479341345
0.5341005317385177,-2.151815401329305,22.685915933067804,22.68591593306786
1.779261591246874,-0.7191533192424201,22.49841491048926,22.498414910489316
0.16456797855084837,-0.21113023882769444,20.3756982173785,20.375698217378556
2.1309607501307024,-0.987179527151184,23.118140277281896,23.118140277281896
-1.0345769002007443,-0.13125696709230472,19.096680066891622,19.096680066891565
2.81869488037116,0.07685188295876821,22.74184299741239,22.74184299741239
4.5977962472385006,-0.22485598180807856,24.82265222904664,24.822652229046582
-0.7256771208793181,-0.6500025808234597,19.924325459944043,19.924325459944157
-0.8910050428015436,0.16865467196672768,18.94034028523174,18.940340285231684
2.906768954235402,0.44194064956940904,22.464828304665957,22.464828304666014
3.1591442914614247,-1.090399077442846,24.249543368904256,24.249543368904256
-1.0457200543065366,1.41093237974627,17.543347565947215,17.543347565947215
-0.8403736341917145,-0.09858813228426173,19.25821449809257,19.258214498092514
-0.5635692177210144,0.018849622944847662,19.41758115933419,19.417581159334134
-2.688901022068554,0.7082144232565571,16.602884554674915,16.602884554674915
-1.8373038929683965,0.23321613126350166,17.929479975768118,17.929479975768118
-2.0082815335041357,0.9531366339132451,17.038581832582622,17.038581832582622
-1.5355951302082569,0.2871241652018242,18.177280704589975,18.17728070458992
-0.06936977477356236,-0.6124373746404379,20.543067599866845,20.543067599866845
0.4684294650730415,0.36150352520610163,20.106925939866983,20.106925939866926
3.1010009856281537,-1.1437262073206618,24.244727192948858,24.2447271929488
-1.996708081477582,0.10855970577652314,17.894732212745907,17.89473221274585
1.9686447969531675,-0.0332299906444608,22.00187478759767,22.00187478759767
-0.4279776884510179,-0.2081168572725397,19.780139168821506,19.780139168821563
-0.0989274193048659,-0.12853751143893075,20.02961009213402,20.029610092134078
1.3496389843332075,-1.881849045497639,23.23148802983087,23.231488029830814
-2.2454440431245972,-0.5487249077409615,18.30328086461634,18.30328086461634
0.7648194923681012,0.09284490114111471,20.671974591227013,20.671974591226956
0.3329044164261122,0.15985639199740037,20.17304802442868,20.173048024428738
0.9849025280162982,-1.0276751409259581,22.012577668942185,22.012577668942242
0.5783372878156362,1.2657078408647007,19.31262944695095,19.31262944695095
4.9106002798217885,-0.8661748482145009,25.77677512803632,25.776775128036263
-1.275479968502632,0.9694572005267368,17.755062830970587,17.755062830970644
-1.0619939100036353,0.42719436187168486,18.510811728124736,18.51081172812468
-1.2462810528495287,-0.646227309843803,19.399946256994212,19.39994625699427
-1.1109542383205093,1.775310892609512,17.113734869070072,17.113734869069958
-1.2747742546130354,-1.19363683175648,19.9188625771435,19.918862577143443
2.3780330622151036,0.9191541736100015,21.458878888605113,21.458878888605057
2.8410084959797097,1.0005823180429783,21.840426177936706,21.840426177936763
-1.1414925874989525,-0.6706202090766449,19.529127621577686,19.529127621577686
-1.6647111462084574,1.3924653000643288,16.94282355372718,16.942823553727237
0.9428311127728082,-0.2500465145989528,21.192877627371786,21.192877627371786
-1.1044460885619425,0.28869362927985703,18.60686028215821,18.60686028215821
1.2658636355110215,0.2603218387712207,21.00554179673975,21.005541796739806
0.4058460417025994,-0.1343087414705478,20.540154783173193,20.540154783173136
-3.031488229994464,0.8108082731597821,16.157703496845784,16.157703496845727
3.0950104026601233,0.793488720552213,22.301521682107932,22.301521682107932
3.5917553461910434,-1.7485319732381808,25.340287319429194,25.34028731942925
-1.2255773809687724,1.3043402428781525,17.470082376153073,17.470082376153073
-0.7754031198719683,-1.6624919880356743,20.887088868163687,20.887088868163744
0.5717307814498099,1.0325462043416573,19.53918457710813,19.53918457710813
0.66891357997405,1.1267051368275833,19.542208443146478,19.542208443146478
1.3170885453456609,-1.0909664302151982,22.408054975560844,22.408054975560844
4.020409077532699,-0.4108142879545848,24.431223365487313,24.431223365487256
-0.3538944549880988,-1.1057046684859357,20.751810213497834,20.751810213497834
-1.5965944890769075,-0.21492103028873533,18.618326541211786,18.618326541211843
-2.7586384560290544,-0.30803428418574125,17.549395828156662,17.549395828156662
-1.4618600798838381,0.7796605322693398,17.75847938784682,17.75847938784682
-0.06625394574759419,1.3103087461196083,18.623437308132793,18.623437308132793
3.5891157270355754,1.395683810789956,22.193431916245686,22.19343191624563
-1.0352225980723428,-0.5621680265783021,19.526945428505996,19.526945428505996
0.447575903277797,-0.20922187374452778,20.656797777022348,20.656797777022348
-0.03284579214550415,-1.6834381922209503,21.650592400075425,21.650592400075425
2.376786546896168,-0.8058700664961888,23.182656613392282,23.18265661339234
5.053864851747243,0.9648516330974576,24.08901321864971,24.089013218649768
-1.0617375458406413,1.6155828235482317,17.322679630611105,17.322679630611162
-0.9788788850364443,-1.234348871879922,20.255469986843423,20.25546998684348
2.088321754138144,-0.5924642591528942,22.680786013291026,22.680786013291026
1.3637829792526228,-0.02640575695892703,21.3901887362116,21.39018873621154
3.693414651472067,0.2801611588196068,23.413253492652416,23.413253492652416
1.1678563706519278,-0.8096035199216461,21.97745989057364,21.977459890573584
-0.7185841815741191,0.4240610444640897,18.857354773961788,18.857354773961788
1.1813096613846186,-0.47383934707091613,21.65514900845551,21.65514900845551
2.2174071611658155,-0.014452270878279104,22.231859432044075,22.231859432044075
1.640964362394728,0.5462842480036996,21.094680114391053,21.094680114391053
1.0145480622145955,0.0064222698109378164,21.008125792403575,21.00812579240369
2.133349379178308,-0.4363858905265686,22.569735269704893,22.569735269704893
2.3385911808913455,-0.10960980392583083,22.448200984817277,22.448200984817163
2.7643179820750543,-0.08836295920533532,22.85268094128037,22.85268094128037
1.2974197751792853,-0.3700110298821277,21.66743080506137,21.66743080506137
-0.3342361606337087,-0.25879606266710237,19.924559902033366,19.924559902033366
0.29342737286664566,1.598647170504717,18.694780202361926,18.694780202361926
2.4130179330167136,0.5609194479412387,21.85209848507543,21.852098485075487
-1.6338713419744721,-0.29548031802916036,18.66160897605471,18.66160897605465
0.7373466177458023,0.6969544045107356,20.040392213235123,20.040392213235066
-0.7866776246547214,-0.33381948975600995,19.547141865101253,19.54714186510131
0.057489645869634974,1.1731246375866413,18.884365008282998,18.884365008282998
2.5569037252145974,0.3696421921980939,22.187261533016567,22.18726153301651
0.3821981360398067,-0.10730214400422888,20.489500280044126,20.489500280044012
0.09287309631229762,0.4477169258102776,19.64515617050199,19.645156170502048
-2.7197122819598385,-1.5708761520684993,18.851163870108735,18.85116387010862
1.4925071320544414,-1.1267674689098053,22.61927460096433,22.619274600964218
1.2909683622821508,-1.1939250063990554,22.484893368681128,22.48489336868124
4.32650944661092,0.14294309476370676,24.183566351847162,24.18356635184722
-0.6155564699060017,1.732514999485092,17.65192853060887,17.651928530608927
0.43830065532787793,2.2313001461926323,18.20700050913524,18.20700050913524
0.4987673674215105,0.6380511014407572,19.860716265980727,19.860716265980784
3.1549065595269488,0.5008444749444569,22.654062084582506,22.65406208458245
-0.1905910647739042,-1.801057734152739,21.610466669378866,21.61046666937881
0.5580430515406785,-0.5426737997340217,21.100716851274797,21.100716851274683
1.2157930194330784,-0.7877837519082389,22.003576771341272,22.00357677134133
0.3732182463127162,-0.620847598251116,20.994065844563806,20.994065844563806
-0.8928672291010565,-0.1681438185847896,19.275276589483724,19.275276589483724
0.38817998579661517,-0.47209057769712737,20.860270563493714,20.86027056349377
2.147263499719544,-1.9792998103757877,24.12656331009532,24.12656331009532
-2.0530305988221205,0.7479102561175338,17.199059145060346,17.199059145060346
0.265939348293752,-1.0727430257398065,21.33868237403351,21.33868237403351
-1.4002416298783464,0.23924686411114954,18.36051150601054,18.36051150601054
2.390093257849685,2.0740826697499735,20.316010588099743,20.316010588099687
-3.0463738095675494,-0.9193845915864234,17.873010782018923,17.873010782018866
-1.1178436945431767,-2.5302875227463297,21.41244382820321,21.412443828203152
0.7544237501290417,-0.2860042218801108,21.040427972009184,21.040427972009127
3.131048058468681,1.100959634998571,22.030088423470033,22.030088423470147
-0.1315005221459756,1.9583474542205939,17.910152023633373,17.91015202363343
-1.1103990533863968,-1.2295495944524168,20.11915054106612,20.119150541066006
3.7623141388811803,0.4966992232365217,23.26561491564462,23.26561491564462
-2.896027800832488,-0.46531045678005334,17.569282655947518,17.569282655947575
-4.397611913240164,-0.10594835430413566,15.70833644106392,15.708336441063977
0.8800289001066648,2.6443433470170348,18.23568555308964,18.23568555308964
-1.0041084487052223,-1.5029703283951532,20.498861879689912,20.49886187968997
-2.0424656342614265,0.25373966149457344,17.703794704243933,17.70379470424399
1.4167128945987066,0.4676931717654332,20.949019722833327,20.94901972283327
0.48760142754239766,1.0857863249393471,19.401815102602995,19.401815102603052
-1.1281572614734567,0.09798315347089544,18.773859585055675,18.773859585055618
-2.560608797341789,0.3080505395041023,17.131340663154106,17.131340663154106
1.7449146565602893,-0.3916485674217911,22.13656322398208,22.13656322398208
1.300402355917322,0.26912694124510733,21.031275414672223,21.031275414672166
-0.19835172755876582,-0.3431922754974105,20.144840547938543,20.144840547938657
3.6932739920953317,0.6215718898560508,23.07170210223933,23.07170210223927
-2.140169532652305,-0.36961033604363397,18.2294408033913,18.229440803391356
-3.0510503418494777,0.37710039390218647,16.57184926424827,16.57184926424833
-1.3838161397624889,-0.029262813684978354,18.645446673922493,18.645446673922493
-0.09117203271099561,1.1260502507721681,18.78277771651676,18.782777716516875
0.48667889864538366,-0.05139372358848624,20.538072622233926,20.53807262223387
-0.48247211571265974,-1.7730324682068814,21.290560352494253,21.290560352494253
0.7041107930285936,1.2619215007139917,19.442189292314538,19.442189292314595
-2.503078848380888,-0.9057323008626189,18.402653452481673,18.40265345248173
2.887529208146519,-0.6537663386488198,23.541295546795254,23.541295546795368
-0.1643023567851376,-0.5956612940434921,20.431358937258324,20.43135893725838
2.2345916631762552,1.3744380931708173,20.860153570005423,20.86015357000548
0.6854506927554083,-2.1356742139786955,22.8211249067341,22.8211249067341
0.9135064383075678,3.1377485336599937,17.77575790464755,17.775757904647605
1.1395345604644078,1.0560568090660518,20.08347775139839,20.08347775139839
0.8954171200346299,0.22323891412915967,20.672178205905425,20.672178205905425
1.2854455197350878,-0.05489400061628639,21.340339520351336,21.340339520351392
2.658305060264863,0.28555407485765694,22.372750985407265,22.372750985407208
0.39304233940294026,0.5211224283793383,19.87191991102361,19.87191991102361
1.4180075151770246,0.645215585950057,20.77279192922697,20.77279192922697
-0.17947138857445344,0.5556044660034485,19.264924145422015,19.26492414542213
2.8802344308989456,0.08958068125524882,22.79065374964364,22.790653749643695
-1.3527846041185394,-0.1973384203073261,18.844553816188863,18.844553816188807
3.6018808658216313,-0.1512732836535117,23.753154149475108,23.753154149475108
-0.08031590128868682,-0.194908280352681,20.114592379063993,20.114592379063993
-2.8615502042360963,1.1337700968670645,16.004679698896894,16.004679698896837
0.25620882982157855,0.5935567222808619,19.662652107540794,19.66265210754068
-1.3621033149497617,-2.9403886346642802,21.578285319714496,21.578285319714496
1.6812870979774481,0.655900776529761,21.02538632144774,21.02538632144774
-1.3052479586047818,0.19473619471877485,18.500015846676433,18.500015846676433
-0.8923668664295594,-0.018708756445897416,19.126341890016306,19.126341890016363
-3.779081461891062,-0.38851845308888583,16.609436991197754,16.60943699119781
-0.9046126384981534,1.1241127199860135,17.971274641515834,17.971274641515834
-4.847758653257913,0.9475264621228578,14.204714884619307,14.204714884619193
-3.1678056469714466,-0.7728776678236091,17.605072020852162,17.605072020852162
1.5208293122885947,0.4070522871245351,21.11377702516404,21.11377702516404
1.5716003173016644,-0.971656734541286,22.543257051842943,22.543257051842943
0.8509151235699295,-1.3796181647889305,22.230533288358856,22.230533288358856
-1.933952286258426,-0.6267172245899651,18.692764938331493,18.69276493833155
-0.09542271228395971,0.8623934723827588,19.04218381533326,19.042183815333317
-0.007205078181136809,0.9531250453760867,19.03966987644276,19.03966987644276
-2.3167293783850855,0.513085420097293,17.17018520151771,17.170185201517597
3.0067966035343012,0.7250957868479971,22.28170081668634,22.28170081668634
1.7547245811513428,0.5161782871149584,21.238546294036382,21.238546294036382
-0.44192834765932787,-0.6414815952229522,20.199553247563586,20.199553247563642
0.05377167798906156,0.43192254467394064,19.621849133315095,19.621849133315095
0.41676561589510497,0.8004095252276823,19.61635609066741,19.61635609066741
-4.083469736848581,0.7542913298135743,15.162238933337903,15.162238933337846
-0.49435476504119386,1.188913371474643,18.316731863484165,18.316731863484165
-1.363968495995597,0.7083038472010638,17.927727656803427,17.927727656803313
-2.003240019789831,0.3514482075415829,17.645311772668606,17.645311772668606
-0.5622005857719098,1.0701502383164274,18.36764917591165,18.36764917591165
3.595373053699045,-0.026521259249060063,23.621894312948143,23.621894312948143
1.2816857225340197,-0.8818746512277178,22.163560373761698,22.163560373761698
-1.1423579795655936,-0.16306696394376388,19.020708984378075,19.02070898437819
1.1451655627123172,-0.7449026448064491,21.890068207518766,21.890068207518766
